{
  "base_P_loss_h": [
    0.0071392517813514455,
    0.008040911899898874,
    0.00874624727884203,
    0.00827062479782658,
    0.006965986821470593,
    0.005350660437284283,
    0.0038865961128654314,
    0.004168043048315222,
    0.005951030039454812,
    0.00771217317305974,
    0.008617920029883052,
    0.008458978382468042,
    0.007957487385527859,
    0.008346415420813097,
    0.008221694993706249,
    0.007947141879409978,
    0.008132790993102617,
    0.008723879007963245,
    0.009274276448845572,
    0.009419046222107744,
    0.009323175062679833,
    0.009105711151543665,
    0.007957483774969852,
    0.00720878032283226
  ],
  "base_Q_loss_h": [
    0.005737512484251342,
    0.006424843282031183,
    0.006954930239728342,
    0.006569775414420784,
    0.00557103265698152,
    0.004319140718024354,
    0.003113248412569846,
    0.003085164614939515,
    0.0041078059204307195,
    0.005211911477481389,
    0.0057905170060783455,
    0.005665371967735997,
    0.005323301061621544,
    0.005597999076806345,
    0.005562971351348735,
    0.005489144106189117,
    0.005799852060105817,
    0.006368912883997629,
    0.006875414702769434,
    0.00703940659409397,
    0.007053865065252479,
    0.0069695773087805985,
    0.00632287239251778,
    0.005822029557790688
  ],
  "base_V_dev_h": [
    0.008990965785599074,
    0.012635028601390715,
    0.015686609522531175,
    0.015314917622186714,
    0.010782311090125977,
    0.005198220532588107,
    0.001486176195278336,
    0.006773310467565581,
    0.020792201951154884,
    0.03262097840766999,
    0.03848460711204565,
    0.03896708590999614,
    0.03706536518183916,
    0.03790854355369291,
    0.034418061216294954,
    0.027678233495293178,
    0.020815569714484353,
    0.01710022390738173,
    0.014813893702144398,
    0.013332603480431842,
    0.010751302153389538,
    0.00841565863232236,
    0.0031230519217786495,
    0.005891867210188959
  ],
  "gwo_P_loss_h": [
    0.008410361320337746,
    0.009733957876812478,
    0.009804823978718206,
    0.00854904634765214,
    0.00680940829130328,
    0.005689700230298699,
    0.004147622948283763,
    0.0019421978393849158,
    0.005442641000008727,
    0.007964073944048845,
    0.005485306566480388,
    0.007615593328807531,
    0.006607968303897217,
    0.006639235486217571,
    0.00802897735077258,
    0.007013537966686387,
    0.005858832181419835,
    0.006771742969254106,
    0.009082426798899772,
    0.004153318962687055,
    0.0053334302418835,
    0.007394596950222422,
    0.007018958716939501,
    0.008033826113502228
  ],
  "gwo_Q_loss_h": [
    0.006712219975589377,
    0.007757942501873054,
    0.007744680821620725,
    0.006806090203126919,
    0.005467497826059883,
    0.004599572186285113,
    0.0032970346077539747,
    0.0017560779681459475,
    0.0041427936270889655,
    0.006084834523185101,
    0.004215001985910371,
    0.00523860612653938,
    0.004580367456547312,
    0.004609380039277527,
    0.0054375096324667015,
    0.00537017515464498,
    0.004527815646224882,
    0.005231958165271911,
    0.006722624891275687,
    0.003652353322738188,
    0.004527207114576472,
    0.005932956604094719,
    0.005694319252706829,
    0.0064547439434301055
  ],
  "gwo_V_dev_h": [
    0.004213963124158639,
    0.0053835876452123605,
    0.009294026392374508,
    0.009971185826017116,
    0.011728188128387036,
    0.003364995217170544,
    0.0012806360624689123,
    0.001375553443813142,
    0.009208807514812838,
    0.014931516870781057,
    0.005031042796469939,
    0.03537097633580654,
    0.006161783873198254,
    0.006306399118125475,
    0.008218986056476103,
    0.013297159760228758,
    0.00938867955808069,
    0.009315275889162571,
    0.0061338889709927754,
    0.0018242554663719197,
    0.005428593506805,
    0.007506513126774994,
    0.003860433608194273,
    0.003389692755419566
  ],
  "igwo_P_loss_h": [
    0.007210670394311199,
    0.008012575398571996,
    0.008741808153412425,
    0.009459321794352415,
    0.006965911541409471,
    0.005634902654774042,
    0.003943587110892419,
    0.0031028411859501948,
    0.0031080234956052002,
    0.004678854389517941,
    0.004868549575820455,
    0.0048471389964105235,
    0.005567874116657943,
    0.005072051183526653,
    0.004778953822419839,
    0.004132093419355146,
    0.004338410711374231,
    0.004587980218858304,
    0.004017569997121568,
    0.00576292034222493,
    0.006916182933179429,
    0.005264467944375391,
    0.007687045636935513,
    0.007411710480796458
  ],
  "igwo_Q_loss_h": [
    0.005788100515767868,
    0.006408873335442618,
    0.006951730704836233,
    0.007437454463280649,
    0.005570931921028142,
    0.004513907869927323,
    0.003153038362221962,
    0.0024298378653021093,
    0.002664881220491393,
    0.0036766256504886987,
    0.0035703911309435434,
    0.003553513406959943,
    0.00426798595454711,
    0.003828791292791872,
    0.0036746101418219193,
    0.0030576762326110364,
    0.0033646943804604766,
    0.0039813222133740795,
    0.003615868731520793,
    0.0047102618787310405,
    0.0055466855506263475,
    0.0047150259258096905,
    0.006132402231357942,
    0.005964197763427903
  ],
  "igwo_V_dev_h": [
    0.00868754514260165,
    0.012650126239077377,
    0.01573041222970852,
    0.008734816041992204,
    0.01078544715981697,
    0.004256398322028104,
    0.0014505938113750288,
    0.004001589045744088,
    0.0024571140916099486,
    0.0040558941117798605,
    0.004331933178476738,
    0.004357679895825083,
    0.004738024085759564,
    0.016792722180069376,
    0.014405702112196004,
    0.004327149792773429,
    0.005329338924488427,
    0.004279132457250736,
    0.002592763916224278,
    0.006464911789834075,
    0.007754517457559676,
    0.0017149393888045495,
    0.0032655547610707246,
    0.0051444165569006
  ],
  "base_total_P": 0.18492630646622216,
  "base_total_Q": 0.1367766003559475,
  "base_total_V": 0.43904678736737446,
  "gwo_total_P": 0.1635315857145191,
  "gwo_total_Q": 0.12656376357643412,
  "gwo_total_V": 0.191986141047303,
  "igwo_total_P": 0.13611144549785376,
  "igwo_total_Q": 0.1085788087437707,
  "igwo_total_V": 0.15830872269296706
}